,transcript_id,transcript_position,score
27691,ENST00000278671,665,0.40146843
59233,ENST00000356607,1101,0.03088971
