,transcript_id,transcript_position,score
40773,ENST00000311212,340,0.021403115
114178,ENST00000589710,705,0.15033807
