,transcript_id,transcript_position,score
40773,ENST00000311212,340,0.029444396
114178,ENST00000589710,705,0.20589688
