,transcript_id,transcript_position,score
63254,ENST00000397261,1598,0.25322253
37315,ENST00000336053,932,0.11035405
